-- phpMyAdmin SQL Dump
-- version 4.1.14
-- http://www.phpmyadmin.net
--
-- Host: 127.0.0.1
-- Generation Time: Apr 21, 2015 at 08:25 AM
-- Server version: 5.6.17
-- PHP Version: 5.5.12

SET SQL_MODE = "NO_AUTO_VALUE_ON_ZERO";
SET time_zone = "+00:00";


/*!40101 SET @OLD_CHARACTER_SET_CLIENT=@@CHARACTER_SET_CLIENT */;
/*!40101 SET @OLD_CHARACTER_SET_RESULTS=@@CHARACTER_SET_RESULTS */;
/*!40101 SET @OLD_COLLATION_CONNECTION=@@COLLATION_CONNECTION */;
/*!40101 SET NAMES utf8 */;

--
-- Database: `manthan`
--

-- --------------------------------------------------------

--
-- Table structure for table `cart`
--

CREATE TABLE IF NOT EXISTS `cart` (
  `Cart_id` int(11) NOT NULL AUTO_INCREMENT,
  `Cust_id` int(11) NOT NULL,
  `P_id` int(11) NOT NULL,
  `Cart_qty` int(3) NOT NULL DEFAULT '0',
  PRIMARY KEY (`Cart_id`,`Cust_id`,`P_id`),
  KEY `Cust_id` (`Cust_id`),
  KEY `P_id` (`P_id`)
) ENGINE=InnoDB  DEFAULT CHARSET=latin1 AUTO_INCREMENT=4 ;

-- --------------------------------------------------------

--
-- Table structure for table `category`
--

CREATE TABLE IF NOT EXISTS `category` (
  `Category_id` int(11) NOT NULL AUTO_INCREMENT,
  `Category_name` varchar(32) NOT NULL,
  PRIMARY KEY (`Category_id`)
) ENGINE=InnoDB  DEFAULT CHARSET=latin1 AUTO_INCREMENT=6 ;

--
-- Dumping data for table `category`
--

INSERT INTO `category` (`Category_id`, `Category_name`) VALUES
(1, 'Clothing'),
(2, 'Toys'),
(3, 'Jewellery'),
(4, 'Stationery'),
(5, 'Footwear');

-- --------------------------------------------------------

--
-- Table structure for table `customer`
--

CREATE TABLE IF NOT EXISTS `customer` (
  `Cust_id` int(11) NOT NULL AUTO_INCREMENT,
  `Cust_email` varchar(96) CHARACTER SET utf8mb4 NOT NULL,
  `Password` varchar(32) CHARACTER SET utf8mb4 NOT NULL,
  `Cust_phone_no` decimal(10,0) NOT NULL,
  PRIMARY KEY (`Cust_id`)
) ENGINE=InnoDB  DEFAULT CHARSET=latin1 AUTO_INCREMENT=18 ;

--
-- Dumping data for table `customer`
--

INSERT INTO `customer` (`Cust_id`, `Cust_email`, `Password`, `Cust_phone_no`) VALUES
(1, 'kewl_akshat@yahoo.co.in', '8d88e3f613bcb5056a6a0d065b36cac1', '9711524526'),
(2, 'kewlakshat95@gmail.com', '8d88e3f613bcb5056a6a0d065b36cac1', '9972036424'),
(3, 'akshat@yahoo.com', '2f4c53cb5ef7794a34820d4491fdbad0', '9876543210'),
(6, 'akshatmaheshwari1995@gmail.com', '5f4dcc3b5aa765d61d8327deb882cf99', '9538648291'),
(7, 'abc@xyz.com', '5f4dcc3b5aa765d61d8327deb882cf99', '9825444110'),
(8, 'harish@gmail.com', '5f4dcc3b5aa765d61d8327deb882cf99', '9876543210'),
(9, 'abhijeet@gmail.com', '5f4dcc3b5aa765d61d8327deb882cf99', '9876543210'),
(10, 'himanshu@gmail.com', '5f4dcc3b5aa765d61d8327deb882cf99', '9876543210'),
(11, 'adithya@gmail.com', '5f4dcc3b5aa765d61d8327deb882cf99', '9871234560'),
(12, 'aniket@gmail.com', '5f4dcc3b5aa765d61d8327deb882cf99', '9876543210'),
(13, 'xyz@abc.com', '5f4dcc3b5aa765d61d8327deb882cf99', '9856254141'),
(14, 'akshay@gmail.com', '5f4dcc3b5aa765d61d8327deb882cf99', '9686946046'),
(15, 'abhijith@gmail.com', '5f4dcc3b5aa765d61d8327deb882cf99', '9480750423'),
(16, 'giri@gmail.com', '5f4dcc3b5aa765d61d8327deb882cf99', '9876543210'),
(17, 'iamthemananiket@gmail.com', 'dc647eb65e6711e155375218212b3964', '9481078622');

-- --------------------------------------------------------

--
-- Table structure for table `customer_address`
--

CREATE TABLE IF NOT EXISTS `customer_address` (
  `Address_id` int(11) NOT NULL AUTO_INCREMENT,
  `Cust_id` int(11) NOT NULL,
  `Shipping_address` text CHARACTER SET utf8mb4 NOT NULL,
  `Landmark` varchar(32) CHARACTER SET utf8mb4 DEFAULT NULL,
  `Pincode` decimal(6,0) NOT NULL,
  `City` varchar(32) CHARACTER SET utf8mb4 NOT NULL,
  `State` varchar(32) CHARACTER SET utf8mb4 NOT NULL,
  PRIMARY KEY (`Address_id`,`Cust_id`),
  KEY `Cust_id` (`Cust_id`)
) ENGINE=InnoDB  DEFAULT CHARSET=latin1 AUTO_INCREMENT=5 ;

--
-- Dumping data for table `customer_address`
--

INSERT INTO `customer_address` (`Address_id`, `Cust_id`, `Shipping_address`, `Landmark`, `Pincode`, `City`, `State`) VALUES
(1, 1, 'D-1/1204A, 13th Floor, Pranayam Appts., Sector 85', 'BPTP', '121004', 'Faridabad', 'Haryana'),
(2, 1, 'NB-701, PES Boys Hostel, PES University Campus\r\n100 ft. Ring Road, Banashankari - 3rd stage', '', '121004', 'Bangalore', 'Karnataka'),
(3, 12, 'address', '', '121004', 'Faridabad', 'Haryana'),
(4, 15, 'Address', '', '560085', 'Bangalore', 'Karnataka');

-- --------------------------------------------------------

--
-- Table structure for table `products`
--

CREATE TABLE IF NOT EXISTS `products` (
  `P_id` int(11) NOT NULL AUTO_INCREMENT,
  `Color` varchar(7) CHARACTER SET utf8mb4 DEFAULT NULL,
  `Size` varchar(4) CHARACTER SET utf8mb4 DEFAULT NULL,
  `P_name` varchar(32) CHARACTER SET utf8mb4 NOT NULL,
  `Img_url` varchar(256) CHARACTER SET utf8mb4 NOT NULL DEFAULT 'images/imageNotAvailable.jpg',
  `Availability` smallint(3) NOT NULL DEFAULT '0',
  `Price` decimal(6,2) NOT NULL,
  `Description` text CHARACTER SET utf8mb4,
  PRIMARY KEY (`P_id`)
) ENGINE=InnoDB  DEFAULT CHARSET=latin1 AUTO_INCREMENT=1113 ;

--
-- Dumping data for table `products`
--

INSERT INTO `products` (`P_id`, `Color`, `Size`, `P_name`, `Img_url`, `Availability`, `Price`, `Description`) VALUES
(17, '#F318AD', 'S', 'CYZ Kurti', 'images/CYZ Kurti.jpg', 4, '3403.49', 'Lorem ipsum\r'),
(18, '#4CEFAC', 'M', 'EYZ Saree', 'images/EYZ Saree.jpg', 48, '2560.66', 'Lorem ipsum dolor sit amet'),
(19, '#8AFCEF', 'L', 'OYZ Shawl', 'images/OYZ Shawl.jpg', 27, '2508.04', 'Lorem ipsum dolor sit amet'),
(20, '#6FC6D4', 'XL', 'JYZ Saree', 'images/JYZ Saree.jpg', 49, '3252.13', 'Lorem ipsum dolor sit amet'),
(21, '#EAB2E8', 'XXL', 'FYZ Kurti', 'images/FYZ Kurti.jpg', 21, '2693.51', 'Lorem ipsum\r'),
(22, '#09E3E9', 'S', 'IYZ Saree', 'images/IYZ Saree.jpg', 37, '899.84', 'Lorem ipsum dolor sit amet'),
(23, '#287149', 'L', 'WYZ Shawl', 'images/WYZ Shawl.jpg', 3, '1276.96', 'Lorem ipsum dolor sit amet'),
(24, '#659420', 'L', 'YYZ Shawl', 'images/YYZ Shawl.jpg', 21, '1806.54', 'Lorem ipsum dolor sit amet'),
(25, '#8ACFE3', 'XL', 'GYZ Kurti', 'images/GYZ Kurti.jpg', 45, '1828.20', 'Lorem ipsum dolor sit amet'),
(26, '#AB7943', 'XXL', 'OYZ Saree', '', 38, '3306.69', 'Lorem ipsum dolor sit amet'),
(27, '#3B39CB', 'S', 'MYZ Kurti', '', 49, '1025.41', 'Lorem ipsum dolor sit amet'),
(28, '#73BAE2', 'M', 'WYZ Saree', '', 35, '890.87', 'Lorem ipsum dolor sit amet'),
(29, '#07AC3F', 'L', 'YYZ Saree', '', 45, '2939.47', 'Lorem ipsum dolor sit amet'),
(30, '#718A45', 'XL', 'UYZ Saree', '', 4, '1080.66', 'Lorem ipsum dolor sit amet'),
(31, '#C77243', 'XXL', 'IYZ Kurti', '', 3, '2604.99', 'Lorem ipsum dolor sit amet'),
(32, '#A0182B', 'S', 'YYZ Kurti', '', 10, '2858.92', 'Lorem ipsum dolor sit amet'),
(33, '#91C04A', 'M', 'BYZ Saree', '', 18, '973.51', 'Lorem ipsum dolor\r'),
(34, '#3275D3', NULL, 'MYZ Shawl', '', 15, '3173.67', 'Lorem ipsum dolor sit amet'),
(35, '#9033A3', 'XL', 'RYZ Kurti', '', 41, '2025.42', 'Lorem ipsum dolor sit amet'),
(36, '#31B20E', 'XXL', 'AYZ Kurti', '', 36, '1033.73', 'Lorem ipsum dolor sit amet'),
(37, '#21F8FD', 'S', 'TYZ Kurti', '', 30, '2288.34', 'Lorem ipsum dolor sit amet'),
(38, '#99C108', 'M', 'HYZ Saree', '', 3, '973.84', 'Lorem ipsum dolor sit amet'),
(39, '#C6CCF0', 'L', 'MYZ Saree', '', 34, '2931.96', 'Lorem\r'),
(40, '#8416E6', 'XL', 'ZYZ Saree', '', 16, '2274.38', 'Lorem ipsum dolor sit amet'),
(41, '#80D3EA', 'XXL', 'UYZ Kurti', '', 7, '1666.76', 'Lorem ipsum dolor sit amet'),
(42, '#C529FC', 'S', 'HYZ Kurti', '', 41, '1603.46', 'Lorem ipsum dolor sit amet'),
(43, '#585AD9', 'M', 'PYZ Saree', '', 9, '3090.11', 'Lorem ipsum dolor sit amet'),
(44, '#E9F656', 'L', 'HYZ Saree', '', 16, '1072.92', 'Lorem ipsum dolor sit amet'),
(45, '#7B4227', 'XL', 'VYZ Kurti', '', 13, '1169.65', 'Lorem\r'),
(46, '#EDB680', 'XXL', 'LYZ Saree', '', 6, '3430.75', 'Lorem ipsum\r'),
(47, '#0CB372', 'S', 'XYZ Saree', '', 5, '782.91', 'Lorem\r'),
(48, '#C7CE1C', NULL, 'SYZ Shawl', '', 3, '3251.73', 'Lorem\r'),
(49, '#0BC755', NULL, 'MYZ Shawl', '', 30, '1582.63', 'Lorem ipsum dolor sit amet'),
(50, '#4F675F', 'XL', 'CYZ Saree', '', 42, '1682.82', 'Lorem ipsum dolor sit amet'),
(51, '#4BB36E', 'XXL', 'EYZ Saree', '', 21, '803.28', 'Lorem ipsum dolor sit amet'),
(52, '#5F6563', 'S', 'XYZ Kurti', '', 42, '2838.20', 'Lorem ipsum dolor sit amet'),
(53, '#45AA23', NULL, 'PYZ Shawl', '', 5, '3408.65', 'Lorem ipsum dolor sit amet'),
(54, '#543A0E', NULL, 'AYZ Shawl', '', 22, '3147.25', 'Lorem ipsum dolor sit amet'),
(55, '#1B74C8', 'XL', 'SYZ Kurti', '', 18, '2772.09', 'Lorem ipsum dolor sit amet'),
(56, '#082EEA', 'XXL', 'NYZ Saree', '', 32, '1262.47', 'Lorem ipsum dolor sit\r'),
(57, '#9E76B3', 'S', 'XYZ Kurti', '', 41, '2574.78', 'Lorem ipsum dolor sit amet'),
(58, '#5C015A', 'M', 'UYZ Kurti', '', 32, '2166.13', 'Lorem\r'),
(59, '#95ED14', 'L', 'IYZ Saree', '', 35, '1403.58', 'Lorem ipsum dolor\r'),
(60, '#8ECA40', 'XL', 'UYZ Saree', '', 23, '2257.30', 'Lorem ipsum dolor\r'),
(61, '#CD24D2', 'XXL', 'CYZ Kurti', '', 39, '1960.16', 'Lorem ipsum dolor sit amet'),
(62, '#DD32E0', 'S', 'KYZ Kurti', '', 32, '3467.87', 'Lorem ipsum dolor sit amet'),
(63, '#6DA81B', 'M', 'NYZ Kurti', '', 16, '1427.79', 'Lorem ipsum dolor sit amet'),
(64, '#8594B1', NULL, 'GYZ Shawl', '', 4, '3212.59', 'Lorem ipsum dolor sit amet'),
(65, '#440ED8', 'XL', 'OYZ Kurti', '', 36, '2738.63', 'Lorem ipsum\r'),
(66, '#E9E36D', 'XXL', 'KYZ Kurti', '', 19, '2925.15', 'Lorem ipsum dolor sit amet'),
(67, '#62E537', 'S', 'TYZ Kurti', '', 16, '862.54', 'Lorem ipsum\r'),
(68, '#B21B0D', 'M', 'SYZ Kurti', '', 6, '2167.18', 'Lorem ipsum dolor sit amet'),
(69, '#B9964F', NULL, 'MYZ Shawl', '', 48, '3089.49', 'Lorem\r'),
(70, '#BA891D', NULL, 'KYZ Shawl', '', 24, '1805.45', 'Lorem ipsum\r'),
(71, '#D56404', 'XXL', 'VYZ Kurti', '', 13, '2469.16', 'Lorem ipsum dolor sit\r'),
(72, '#68B787', NULL, 'FYZ Shawl', '', 46, '2575.06', 'Lorem\r'),
(73, '#2C5172', 'M', 'JYZ Kurti', '', 35, '2773.15', 'Lorem ipsum dolor sit\r'),
(74, '#24E1AE', 'L', 'IYZ Saree', '', 8, '2449.39', 'Lorem\r'),
(75, '#E6BAC0', NULL, 'ZYZ Shawl', '', 9, '1470.71', 'Lorem ipsum dolor sit amet'),
(76, '#4D16F9', NULL, 'DYZ Shawl', '', 10, '1670.17', 'Lorem ipsum\r'),
(77, '#20D09E', NULL, 'OYZ Shawl', '', 8, '3473.08', 'Lorem ipsum dolor sit\r'),
(78, '#F539BE', 'M', 'BYZ Kurti', '', 36, '2567.60', 'Lorem ipsum dolor sit\r'),
(79, '#C2410E', 'L', 'CYZ Saree', '', 9, '2486.21', 'Lorem ipsum dolor sit\r'),
(80, '#36096C', NULL, 'YYZ Shawl', '', 34, '2666.63', 'Lorem ipsum\r'),
(81, '#405C8D', NULL, 'IYZ Shawl', '', 10, '3168.66', 'Lorem ipsum\r'),
(82, '#51B9C8', 'S', 'IYZ Saree', '', 32, '1430.20', 'Lorem ipsum dolor sit amet'),
(83, '#E0A7C7', 'M', 'JYZ Kurti', '', 11, '2937.19', 'Lorem ipsum dolor\r'),
(84, '#AE4823', 'L', 'BYZ Saree', '', 46, '2574.87', 'Lorem ipsum dolor\r'),
(85, '#2FFED8', 'XL', 'ZYZ Kurti', '', 42, '1812.60', 'Lorem ipsum dolor sit amet'),
(86, '#A63D21', 'XXL', 'AYZ Kurti', '', 26, '823.33', 'Lorem ipsum dolor sit amet'),
(87, '#C7E0B5', NULL, 'CYZ Shawl', '', 43, '2484.45', 'Lorem ipsum\r'),
(88, '#2499A6', 'M', 'FYZ Kurti', '', 49, '2836.31', 'Lorem ipsum\r'),
(89, '#6F54E8', 'L', 'NYZ Saree', '', 29, '3191.92', 'Lorem ipsum dolor sit amet'),
(90, '#6032B6', 'XL', 'AYZ Kurti', '', 42, '3146.27', 'Lorem ipsum dolor sit amet'),
(91, '#57768B', 'XXL', 'AYZ Kurti', '', 49, '1016.78', 'Lorem ipsum dolor sit amet'),
(92, '#1752AE', 'S', 'EYZ Saree', '', 24, '2504.70', 'Lorem\r'),
(93, '#FB7D35', 'M', 'TYZ Kurti', '', 14, '1837.68', 'Lorem ipsum dolor\r'),
(94, '#392B84', 'L', 'HYZ Saree', '', 34, '3207.30', 'Lorem ipsum dolor\r'),
(95, '#9B6129', 'XL', 'SYZ Saree', '', 21, '2106.18', 'Lorem\r'),
(96, '#843D1E', 'XXL', 'YYZ Kurti', '', 29, '2618.08', 'Lorem ipsum dolor sit amet'),
(97, '#D2AE81', NULL, 'GYZ Shawl', '', 27, '1284.76', 'Lorem ipsum dolor sit amet'),
(98, '#FB8451', 'M', 'QYZ Saree', '', 10, '1193.54', 'Lorem ipsum dolor\r'),
(99, '#5C153A', NULL, 'BYZ Shawl', '', 28, '1925.90', 'Lorem ipsum dolor sit amet'),
(100, '#43F292', 'S', 'XYZ Kurti', '', 6, '968.62', 'Lorem ipsum dolor sit amet'),
(101, '#2F3BAE', 'M', 'TYZ Kurti', '', 11, '2844.04', 'Lorem ipsum dolor sit amet'),
(102, '#5FB83D', 'L', 'ZYZ Kurti', '', 16, '2902.01', 'Lorem ipsum dolor sit amet'),
(103, '#20EBD3', NULL, 'AYZ Shawl', '', 38, '2767.25', 'Lorem ipsum dolor sit amet'),
(104, '#D624D5', 'M', 'NYZ Kurti', '', 45, '1039.79', 'Lorem ipsum\r'),
(105, '#9B6877', 'L', 'BYZ Kurti', '', 42, '903.45', 'Lorem ipsum dolor sit amet'),
(106, '#D65D67', 'XL', 'QYZ Kurti', '', 10, '1183.76', 'Lorem ipsum dolor sit amet'),
(107, '#5590A4', NULL, 'OYZ Shawl', '', 15, '2688.91', 'Lorem ipsum dolor sit amet'),
(108, '#905E64', 'M', 'MYZ Kurti', '', 9, '1140.15', 'Lorem ipsum\r'),
(109, '#618B80', NULL, 'OYZ Shawl', '', 42, '2648.14', 'Lorem\r'),
(110, '#0BC3D1', 'XL', 'CYZ Saree', '', 20, '752.79', 'Lorem ipsum dolor\r'),
(111, '#8B8284', 'XXL', 'IYZ Saree', '', 9, '2970.97', 'Lorem ipsum\r'),
(112, '#B9866F', 'S', 'RYZ Saree', '', 23, '2548.03', 'Lorem ipsum dolor sit amet'),
(113, '#BDC811', 'M', 'GYZ Saree', '', 16, '2682.68', 'Lorem ipsum dolor sit amet'),
(114, '#66887A', 'L', 'RYZ Kurti', '', 43, '1684.63', 'Lorem ipsum dolor sit amet'),
(115, '#16C7BF', 'XL', 'GYZ Saree', '', 12, '1481.08', 'Lorem ipsum dolor sit amet'),
(116, '#4FFE1E', 'XXL', 'TYZ Saree', '', 44, '2402.97', 'Lorem ipsum\r'),
(144, NULL, NULL, 'OMN Toy', 'images/OMN Toy.jpg', 43, '230.36', 'Lorem ipsum dolor sit amet'),
(145, NULL, NULL, 'WMN Toy', 'images/WMN Toy.jpg', 56, '359.06', 'Lorem ipsum dolor sit amet'),
(146, NULL, NULL, 'JMN Toy', 'images/JMN Toy.jpg', 58, '90.20', 'Lorem ipsum dolor\r'),
(147, NULL, NULL, 'MMN Toy', 'images/MMN Toy.jpg', 91, '203.57', 'Lorem ipsum dolor sit amet'),
(148, NULL, NULL, 'JMN Toy', 'images/JMN Toy.jpg', 70, '58.82', 'Lorem ipsum dolor\r'),
(149, NULL, NULL, 'EMN Toy', 'images/EMN Toy.jpg', 29, '342.66', 'Lorem ipsum dolor sit amet'),
(150, NULL, NULL, 'NMN Toy', '', 25, '358.81', 'Lorem ipsum dolor sit amet'),
(151, NULL, NULL, 'OMN Toy', '', 65, '257.14', 'Lorem ipsum dolor sit amet'),
(152, NULL, NULL, 'XMN Toy', '', 83, '256.89', 'Lorem ipsum dolor sit amet'),
(153, NULL, NULL, 'VMN Toy', '', 56, '421.32', 'Lorem ipsum dolor sit amet'),
(154, NULL, NULL, 'ZMN Toy', '', 47, '333.52', 'Lorem ipsum dolor sit\r'),
(155, NULL, NULL, 'NMN Toy', '', 74, '327.27', 'Lorem ipsum dolor\r'),
(156, NULL, NULL, 'ZMN Toy', '', 71, '388.85', 'Lorem ipsum dolor sit amet'),
(157, NULL, NULL, 'AMN Toy', '', 80, '263.59', 'Lorem\r'),
(158, NULL, NULL, 'DMN Toy', '', 80, '199.61', 'Lorem ipsum dolor sit amet'),
(159, NULL, NULL, 'SMN Toy', '', 76, '227.06', 'Lorem ipsum dolor sit amet'),
(160, NULL, NULL, 'FMN Toy', '', 55, '296.31', 'Lorem ipsum dolor sit\r'),
(161, NULL, NULL, 'RMN Toy', '', 61, '364.16', 'Lorem ipsum dolor sit amet'),
(162, NULL, NULL, 'RMN Toy', '', 55, '468.05', 'Lorem ipsum dolor sit amet'),
(163, NULL, NULL, 'VMN Toy', '', 29, '53.08', 'Lorem ipsum dolor sit amet'),
(164, NULL, NULL, 'BMN Toy', '', 83, '362.05', 'Lorem ipsum\r'),
(165, NULL, NULL, 'RMN Toy', '', 25, '202.86', 'Lorem ipsum dolor sit amet'),
(166, NULL, NULL, 'VMN Toy', '', 51, '419.86', 'Lorem ipsum dolor sit amet'),
(167, NULL, NULL, 'EMN Toy', '', 36, '419.67', 'Lorem ipsum dolor sit amet'),
(168, NULL, NULL, 'RMN Toy', '', 93, '66.56', 'Lorem ipsum dolor sit amet'),
(169, NULL, NULL, 'YMN Toy', '', 40, '123.48', 'Lorem ipsum dolor sit amet'),
(170, NULL, NULL, 'NMN Toy', '', 59, '461.00', 'Lorem ipsum dolor sit\r'),
(171, NULL, NULL, 'EMN Toy', '', 60, '270.16', 'Lorem ipsum dolor sit amet'),
(172, NULL, NULL, 'HMN Toy', '', 67, '418.72', 'Lorem ipsum dolor sit amet'),
(173, NULL, NULL, 'LMN Toy', '', 99, '461.15', 'Lorem ipsum dolor sit\r'),
(174, NULL, NULL, 'AMN Toy', '', 39, '289.28', 'Lorem ipsum dolor sit amet'),
(175, NULL, NULL, 'XMN Toy', '', 82, '134.12', 'Lorem ipsum dolor sit amet'),
(176, NULL, NULL, 'SMN Toy', '', 48, '66.97', 'Lorem ipsum dolor sit amet'),
(177, NULL, NULL, 'NMN Toy', '', 64, '377.90', 'Lorem ipsum dolor sit amet'),
(178, NULL, NULL, 'CMN Toy', '', 34, '460.78', 'Lorem ipsum dolor sit amet'),
(179, NULL, NULL, 'CMN Toy', '', 63, '212.00', 'Lorem\r'),
(180, NULL, NULL, 'GMN Toy', '', 89, '218.94', 'Lorem ipsum dolor sit amet'),
(181, NULL, NULL, 'OMN Toy', '', 70, '262.14', 'Lorem ipsum dolor sit amet'),
(182, NULL, NULL, 'NMN Toy', '', 31, '299.15', 'Lorem ipsum dolor sit amet'),
(183, NULL, NULL, 'LMN Toy', '', 73, '90.58', 'Lorem ipsum dolor sit\r'),
(184, NULL, NULL, 'XMN Toy', '', 54, '453.85', 'Lorem ipsum dolor sit amet'),
(185, NULL, NULL, 'NMN Toy', '', 54, '474.03', 'Lorem ipsum dolor sit amet'),
(186, NULL, NULL, 'PMN Toy', '', 37, '178.97', 'Lorem ipsum dolor sit amet'),
(187, NULL, NULL, 'DMN Toy', '', 90, '307.39', 'Lorem ipsum dolor sit amet'),
(188, NULL, NULL, 'AMN Toy', '', 39, '231.45', 'Lorem ipsum dolor sit amet'),
(189, NULL, NULL, 'LMN Toy', '', 69, '439.53', 'Lorem ipsum dolor sit amet'),
(190, NULL, NULL, 'ZMN Toy', '', 96, '390.83', 'Lorem ipsum dolor\r'),
(191, NULL, NULL, 'WMN Toy', '', 51, '460.96', 'Lorem ipsum dolor sit amet'),
(192, NULL, NULL, 'NMN Toy', '', 65, '100.57', 'Lorem ipsum dolor sit\r'),
(193, NULL, NULL, 'TMN Toy', '', 53, '299.09', 'Lorem ipsum dolor sit amet'),
(194, NULL, NULL, 'AMN Toy', '', 52, '325.60', 'Lorem ipsum dolor sit amet'),
(195, NULL, NULL, 'CMN Toy', '', 68, '346.21', 'Lorem\r'),
(196, NULL, NULL, 'GMN Toy', '', 56, '123.98', 'Lorem ipsum dolor sit amet'),
(197, NULL, NULL, 'VMN Toy', '', 55, '458.22', 'Lorem ipsum dolor sit amet'),
(198, NULL, NULL, 'PMN Toy', '', 46, '125.40', 'Lorem ipsum dolor sit amet'),
(199, NULL, NULL, 'TMN Toy', '', 86, '371.69', 'Lorem ipsum dolor sit amet'),
(200, NULL, NULL, 'MMN Toy', '', 46, '382.61', 'Lorem ipsum dolor sit amet'),
(201, NULL, NULL, 'ZMN Toy', '', 94, '212.42', 'Lorem ipsum dolor sit amet'),
(202, NULL, NULL, 'VMN Toy', '', 50, '403.20', 'Lorem ipsum\r'),
(203, NULL, NULL, 'MMN Toy', '', 30, '488.23', 'Lorem ipsum dolor sit amet'),
(204, NULL, NULL, 'DMN Toy', '', 92, '489.35', 'Lorem ipsum\r'),
(205, NULL, NULL, 'TMN Toy', '', 31, '356.40', 'Lorem ipsum dolor sit amet'),
(206, NULL, NULL, 'LMN Toy', '', 38, '252.61', 'Lorem ipsum dolor sit amet'),
(207, NULL, NULL, 'IMN Toy', '', 86, '299.36', 'Lorem ipsum dolor sit amet'),
(208, NULL, NULL, 'CMN Toy', '', 66, '370.16', 'Lorem ipsum dolor sit amet'),
(209, NULL, NULL, 'JMN Toy', '', 94, '198.28', 'Lorem ipsum dolor sit amet'),
(210, NULL, NULL, 'NMN Toy', '', 26, '447.69', 'Lorem ipsum dolor\r'),
(211, NULL, NULL, 'AMN Toy', '', 90, '312.55', 'Lorem ipsum dolor sit amet'),
(212, NULL, NULL, 'TMN Toy', '', 99, '115.62', 'Lorem ipsum dolor sit amet'),
(213, NULL, NULL, 'PMN Toy', '', 26, '311.05', 'Lorem ipsum dolor\r'),
(214, NULL, NULL, 'AMN Toy', '', 61, '272.29', 'Lorem ipsum dolor\r'),
(215, NULL, NULL, 'EMN Toy', '', 69, '302.82', 'Lorem ipsum\r'),
(216, NULL, NULL, 'PMN Toy', '', 94, '149.66', 'Lorem ipsum dolor sit amet'),
(217, NULL, NULL, 'MMN Toy', '', 23, '269.16', 'Lorem ipsum dolor sit amet'),
(218, NULL, NULL, 'EMN Toy', '', 49, '251.82', 'Lorem ipsum dolor sit amet'),
(219, NULL, NULL, 'SMN Toy', '', 33, '346.31', 'Lorem ipsum dolor sit amet'),
(220, NULL, NULL, 'HMN Toy', '', 61, '355.17', 'Lorem ipsum dolor sit\r'),
(221, NULL, NULL, 'TMN Toy', '', 45, '95.18', 'Lorem\r'),
(222, NULL, NULL, 'XMN Toy', '', 41, '232.26', 'Lorem ipsum dolor sit amet'),
(223, NULL, NULL, 'WMN Toy', '', 53, '382.66', 'Lorem ipsum dolor sit amet'),
(224, NULL, NULL, 'RMN Toy', '', 69, '153.05', 'Lorem ipsum dolor sit\r'),
(225, NULL, NULL, 'PMN Toy', '', 61, '337.44', 'Lorem ipsum dolor sit amet'),
(226, NULL, NULL, 'TMN Toy', '', 89, '411.44', 'Lorem ipsum dolor sit amet'),
(227, NULL, NULL, 'AMN Toy', '', 43, '340.34', 'Lorem ipsum dolor sit amet'),
(228, NULL, NULL, 'OMN Toy', '', 41, '184.57', 'Lorem ipsum dolor sit amet'),
(229, NULL, NULL, 'GMN Toy', '', 38, '162.22', 'Lorem ipsum dolor sit\r'),
(230, NULL, NULL, 'DMN Toy', '', 99, '209.38', 'Lorem ipsum dolor sit amet'),
(231, NULL, NULL, 'WMN Toy', '', 78, '250.92', 'Lorem ipsum dolor sit amet'),
(232, NULL, NULL, 'QMN Toy', '', 69, '170.60', 'Lorem ipsum dolor\r'),
(233, NULL, NULL, 'BMN Toy', '', 81, '135.77', 'Lorem ipsum dolor sit amet'),
(234, NULL, NULL, 'YMN Toy', '', 59, '256.61', 'Lorem ipsum dolor sit amet'),
(235, NULL, NULL, 'JMN Toy', '', 66, '428.72', 'Lorem ipsum dolor sit amet'),
(236, NULL, NULL, 'JMN Toy', '', 76, '328.07', 'Lorem\r'),
(237, NULL, NULL, 'HMN Toy', '', 92, '125.76', 'Lorem ipsum dolor sit amet'),
(238, NULL, NULL, 'IMN Toy', '', 59, '66.10', 'Lorem ipsum dolor sit amet'),
(239, NULL, NULL, 'NMN Toy', '', 81, '426.30', 'Lorem ipsum dolor sit amet'),
(240, NULL, NULL, 'HMN Toy', '', 27, '57.76', 'Lorem ipsum dolor sit amet'),
(241, NULL, NULL, 'DMN Toy', '', 42, '390.81', 'Lorem ipsum dolor sit amet'),
(242, NULL, NULL, 'IMN Toy', '', 99, '108.99', 'Lorem ipsum dolor sit amet'),
(243, NULL, NULL, 'OMN Toy', '', 94, '313.32', 'Lorem ipsum dolor sit amet'),
(397, NULL, NULL, 'ZPQ Necklace', 'images/ZPQ Necklace.jpg', 27, '1956.14', 'Lorem ipsum dolor sit amet'),
(398, NULL, NULL, 'UPQ Anklets', 'images/UPQ Anklets.jpg', 28, '2232.31', 'Lorem\r'),
(399, NULL, NULL, 'HPQ Anklets', 'images/HPQ Anklets.jpg', 42, '4132.76', 'Lorem ipsum dolor\r'),
(400, NULL, NULL, 'UPQ Necklace', 'images/UPQ Necklace.jpg', 40, '5233.90', 'Lorem\r'),
(401, NULL, NULL, 'PPQ Earrings', 'images/PPQ Earrings.jpg', 34, '2072.25', 'Lorem ipsum dolor sit\r'),
(402, NULL, NULL, 'GPQ Earrings', 'images/GPQ Earrings.jpg', 19, '3048.08', 'Lorem ipsum dolor sit amet'),
(403, NULL, NULL, 'CPQ Bangles', 'images/CPQ Bangles.jpg', 33, '1624.16', 'Lorem ipsum\r'),
(404, NULL, NULL, 'HPQ Bangles', 'images/HPQ Bangles.jpg', 10, '6220.64', 'Lorem ipsum dolor sit amet'),
(405, NULL, NULL, 'OPQ Earrings', '', 49, '3880.74', 'Lorem ipsum dolor sit amet'),
(406, NULL, NULL, 'BPQ Earrings', '', 11, '5428.63', 'Lorem ipsum dolor sit amet'),
(407, NULL, NULL, 'VPQ Necklace', '', 19, '2066.24', 'Lorem ipsum dolor sit amet'),
(408, NULL, NULL, 'GPQ Anklets', 'images/GPQ Anklets.jpg', 31, '6971.78', 'Lorem ipsum\r'),
(409, NULL, NULL, 'EPQ Necklace', '', 35, '4881.42', 'Lorem ipsum dolor sit amet'),
(410, NULL, NULL, 'RPQ Bangles', '', 30, '3619.89', 'Lorem ipsum dolor sit amet'),
(411, NULL, NULL, 'NPQ Necklace', '', 20, '6169.92', 'Lorem ipsum dolor sit amet'),
(412, NULL, NULL, 'PPQ Necklace', '', 31, '2438.58', 'Lorem ipsum dolor sit amet'),
(413, NULL, NULL, 'SPQ Bangles', '', 27, '4170.99', 'Lorem ipsum dolor sit amet'),
(414, NULL, NULL, 'ZPQ Anklets', '', 41, '3286.40', 'Lorem ipsum dolor\r'),
(415, NULL, NULL, 'ZPQ Necklace', '', 18, '4877.27', 'Lorem\r'),
(416, NULL, NULL, 'OPQ Earrings', '', 20, '2716.25', 'Lorem\r'),
(417, NULL, NULL, 'GPQ Bangles', '', 23, '6131.98', 'Lorem ipsum dolor sit amet'),
(418, NULL, NULL, 'CPQ Necklace', '', 39, '3220.13', 'Lorem ipsum dolor sit amet'),
(419, NULL, NULL, 'OPQ Earrings', '', 37, '1315.49', 'Lorem ipsum dolor\r'),
(420, NULL, NULL, 'PPQ Anklets', '', 46, '4876.71', 'Lorem ipsum dolor sit amet'),
(421, NULL, NULL, 'PPQ Bangles', '', 11, '3441.60', 'Lorem ipsum dolor sit amet'),
(422, NULL, NULL, 'VPQ Earrings', '', 31, '5088.39', 'Lorem ipsum\r'),
(423, NULL, NULL, 'YPQ Anklets', '', 41, '3376.36', 'Lorem ipsum dolor sit\r'),
(424, NULL, NULL, 'YPQ Bangles', '', 37, '854.32', 'Lorem\r'),
(425, NULL, NULL, 'BPQ Bangles', '', 23, '1064.66', 'Lorem ipsum dolor\r'),
(426, NULL, NULL, 'KPQ Necklace', '', 31, '4115.94', 'Lorem\r'),
(427, NULL, NULL, 'XPQ Bangles', '', 36, '4634.26', 'Lorem ipsum dolor sit amet'),
(428, NULL, NULL, 'APQ Anklets', '', 37, '4405.40', 'Lorem ipsum dolor\r'),
(429, NULL, NULL, 'APQ Anklets', '', 34, '5245.86', 'Lorem ipsum\r'),
(430, NULL, NULL, 'LPQ Anklets', '', 41, '2668.51', 'Lorem ipsum\r'),
(431, NULL, NULL, 'XPQ Bangles', '', 25, '2169.83', 'Lorem ipsum dolor sit amet'),
(432, NULL, NULL, 'SPQ Anklets', '', 42, '4742.22', 'Lorem ipsum dolor sit amet'),
(433, NULL, NULL, 'EPQ Necklace', '', 12, '4538.13', 'Lorem ipsum dolor sit amet'),
(434, NULL, NULL, 'GPQ Bangles', '', 12, '3937.69', 'Lorem ipsum dolor sit amet'),
(435, NULL, NULL, 'TPQ Earrings', '', 26, '4733.08', 'Lorem ipsum dolor\r'),
(436, NULL, NULL, 'TPQ Necklace', '', 21, '4449.15', 'Lorem ipsum dolor sit amet'),
(437, NULL, NULL, 'MPQ Anklets', '', 36, '3482.44', 'Lorem\r'),
(438, NULL, NULL, 'FPQ Anklets', '', 48, '6107.37', 'Lorem ipsum dolor sit amet'),
(439, NULL, NULL, 'APQ Bangles', '', 35, '6025.38', 'Lorem ipsum dolor sit amet'),
(440, NULL, NULL, 'WPQ Anklets', '', 44, '3587.03', 'Lorem ipsum dolor sit amet'),
(441, NULL, NULL, 'FPQ Bangles', '', 36, '996.01', 'Lorem\r'),
(442, NULL, NULL, 'YPQ Earrings', '', 18, '2955.33', 'Lorem ipsum dolor sit amet'),
(443, NULL, NULL, 'FPQ Necklace', '', 22, '6460.81', 'Lorem ipsum dolor sit amet'),
(444, NULL, NULL, 'JPQ Anklets', '', 32, '6380.59', 'Lorem ipsum dolor sit\r'),
(445, NULL, NULL, 'GPQ Bangles', '', 10, '6686.99', 'Lorem ipsum dolor sit amet'),
(446, NULL, NULL, 'QPQ Earrings', '', 18, '5680.97', 'Lorem ipsum dolor sit amet'),
(447, NULL, NULL, 'FPQ Necklace', '', 38, '1611.31', 'Lorem ipsum\r'),
(448, NULL, NULL, 'APQ Bangles', '', 34, '6623.08', 'Lorem ipsum dolor sit\r'),
(449, NULL, NULL, 'LPQ Bangles', '', 38, '2264.15', 'Lorem ipsum dolor sit amet'),
(450, NULL, NULL, 'CPQ Necklace', '', 24, '2324.18', 'Lorem ipsum dolor\r'),
(451, NULL, NULL, 'MPQ Necklace', '', 39, '4072.11', 'Lorem ipsum dolor sit amet'),
(452, NULL, NULL, 'LPQ Bangles', '', 48, '3541.47', 'Lorem ipsum dolor sit amet'),
(453, NULL, NULL, 'IPQ Anklets', '', 43, '6472.74', 'Lorem ipsum dolor sit amet'),
(454, NULL, NULL, 'LPQ Necklace', '', 20, '6710.42', 'Lorem ipsum dolor sit amet'),
(455, NULL, NULL, 'CPQ Earrings', '', 20, '2763.18', 'Lorem ipsum\r'),
(456, NULL, NULL, 'GPQ Earrings', '', 46, '5549.86', 'Lorem ipsum dolor sit amet'),
(457, NULL, NULL, 'GPQ Earrings', '', 39, '3277.15', 'Lorem ipsum dolor sit\r'),
(458, NULL, NULL, 'NPQ Anklets', '', 47, '5400.69', 'Lorem ipsum dolor sit amet'),
(459, NULL, NULL, 'LPQ Necklace', '', 38, '1972.85', 'Lorem ipsum dolor sit amet'),
(460, NULL, NULL, 'JPQ Anklets', '', 18, '4821.90', 'Lorem ipsum dolor sit amet'),
(461, NULL, NULL, 'LPQ Anklets', '', 39, '1381.36', 'Lorem ipsum dolor sit\r'),
(462, NULL, NULL, 'OPQ Earrings', '', 12, '1103.44', 'Lorem\r'),
(463, NULL, NULL, 'QPQ Anklets', '', 37, '2064.87', 'Lorem ipsum\r'),
(464, NULL, NULL, 'JPQ Earrings', '', 37, '6841.60', 'Lorem ipsum dolor sit amet'),
(465, NULL, NULL, 'KPQ Necklace', '', 30, '3153.39', 'Lorem ipsum dolor sit\r'),
(466, NULL, NULL, 'RPQ Bangles', '', 11, '4574.00', 'Lorem ipsum\r'),
(467, NULL, NULL, 'CPQ Anklets', '', 43, '928.34', 'Lorem ipsum dolor sit\r'),
(468, NULL, NULL, 'JPQ Earrings', '', 25, '1267.27', 'Lorem\r'),
(469, NULL, NULL, 'TPQ Earrings', '', 27, '2794.06', 'Lorem ipsum dolor sit amet'),
(470, NULL, NULL, 'QPQ Anklets', '', 48, '645.77', 'Lorem ipsum dolor sit amet'),
(471, NULL, NULL, 'YPQ Anklets', '', 39, '561.77', 'Lorem ipsum dolor sit amet'),
(472, NULL, NULL, 'SPQ Bangles', '', 20, '3878.52', 'Lorem ipsum dolor sit\r'),
(473, NULL, NULL, 'FPQ Earrings', '', 22, '1602.71', 'Lorem ipsum dolor sit amet'),
(474, NULL, NULL, 'UPQ Earrings', '', 40, '5506.61', 'Lorem\r'),
(475, NULL, NULL, 'OPQ Anklets', '', 32, '1384.85', 'Lorem ipsum\r'),
(476, NULL, NULL, 'DPQ Earrings', '', 17, '3796.06', 'Lorem ipsum dolor sit amet'),
(477, NULL, NULL, 'ZPQ Bangles', '', 37, '4193.81', 'Lorem ipsum dolor sit amet'),
(478, NULL, NULL, 'EPQ Bangles', '', 28, '2426.10', 'Lorem ipsum dolor sit amet'),
(479, NULL, NULL, 'DPQ Bangles', '', 17, '5465.97', 'Lorem ipsum\r'),
(480, NULL, NULL, 'KPQ Bangles', '', 37, '5668.19', 'Lorem ipsum dolor sit amet'),
(481, NULL, NULL, 'YPQ Anklets', '', 20, '1075.20', 'Lorem ipsum dolor sit amet'),
(482, NULL, NULL, 'DPQ Earrings', '', 33, '4216.14', 'Lorem ipsum dolor sit amet'),
(483, NULL, NULL, 'QPQ Anklets', '', 27, '1929.07', 'Lorem ipsum dolor sit amet'),
(484, NULL, NULL, 'BPQ Bangles', '', 22, '4697.81', 'Lorem ipsum\r'),
(485, NULL, NULL, 'WPQ Anklets', '', 27, '4063.82', 'Lorem ipsum dolor sit\r'),
(486, NULL, NULL, 'EPQ Bangles', '', 38, '3056.19', 'Lorem ipsum dolor sit amet'),
(487, NULL, NULL, 'APQ Necklace', '', 29, '1206.43', 'Lorem ipsum dolor sit amet'),
(488, NULL, NULL, 'WPQ Anklets', '', 28, '3893.02', 'Lorem ipsum dolor\r'),
(489, NULL, NULL, 'WPQ Bangles', '', 16, '4499.85', 'Lorem ipsum dolor sit\r'),
(490, NULL, NULL, 'JPQ Necklace', '', 40, '3774.65', 'Lorem ipsum dolor\r'),
(491, NULL, NULL, 'EPQ Anklets', '', 23, '2694.16', 'Lorem ipsum dolor sit amet'),
(492, NULL, NULL, 'WPQ Earrings', '', 31, '1153.77', 'Lorem ipsum dolor sit amet'),
(493, NULL, NULL, 'LPQ Earrings', '', 27, '3463.86', 'Lorem ipsum dolor\r'),
(494, NULL, NULL, 'NPQ Bangles', '', 12, '2321.60', 'Lorem ipsum dolor\r'),
(495, NULL, NULL, 'APQ Earrings', '', 13, '4642.21', 'Lorem ipsum dolor sit amet'),
(496, NULL, NULL, 'OPQ Necklace', '', 36, '787.40', 'Lorem ipsum dolor sit amet'),
(525, '#8E8443', NULL, 'IST Envelope', 'images/IST Envelope.jpg', 94, '26.29', 'Lorem ipsum dolor sit amet'),
(526, '#76E374', NULL, 'YST Notebook', 'images/YST Notebook.jpg', 135, '94.73', 'Lorem ipsum dolor sit amet'),
(527, '#A2E1D8', NULL, 'RST Notebook', 'images/RST Notebook.jpg', 137, '55.94', 'Lorem ipsum dolor sit amet'),
(528, '#AD8344', NULL, 'KST Envelope', 'images/KST Envelope.jpg', 132, '75.65', 'Lorem ipsum dolor sit\r'),
(529, '#DB3AE5', NULL, 'TST Pen', 'images/TST Pen.jpg', 86, '93.32', 'Lorem ipsum dolor sit amet'),
(530, '#EC754A', NULL, 'JST Notebook', 'images/ JST Notebook.jpg', 93, '30.22', 'Lorem ipsum\r'),
(531, '#B3599F', NULL, 'FST Envelope', 'images/FST Envelope.jpg', 157, '91.81', 'Lorem ipsum dolor sit amet'),
(532, '#A1180E', NULL, 'DST Notebook', '', 105, '42.42', 'Lorem ipsum dolor sit amet'),
(533, '#5D5DBB', NULL, 'OST Notebook', '', 131, '17.16', 'Lorem ipsum dolor sit amet'),
(534, '#84C19C', NULL, 'UST Envelope', '', 52, '36.93', 'Lorem ipsum\r'),
(535, '#A4A349', NULL, 'VST Envelope', '', 90, '97.08', 'Lorem ipsum\r'),
(536, '#55F4D4', NULL, 'PST Notebook', '', 126, '46.70', 'Lorem ipsum dolor sit amet'),
(537, '#897CFB', NULL, 'UST Notebook', '', 146, '56.08', 'Lorem ipsum dolor sit amet'),
(538, '#53E5D2', NULL, 'FST Envelope', '', 76, '22.40', 'Lorem ipsum dolor sit amet'),
(539, '#2B24EC', NULL, 'GST Pen', 'images/GST Pen.jpg', 175, '22.25', 'Lorem ipsum dolor sit amet'),
(540, '#E57FBF', NULL, 'MST Notebook', '', 107, '50.99', 'Lorem ipsum dolor sit amet'),
(541, '#EE36BA', NULL, 'TST Envelope', '', 168, '81.44', 'Lorem ipsum dolor sit amet'),
(542, '#1E0DE8', NULL, 'GST Envelope', '', 64, '15.99', 'Lorem ipsum dolor sit amet'),
(543, '#0DDF02', NULL, 'DST Notebook', '', 181, '79.81', 'Lorem ipsum dolor sit amet'),
(544, '#31663A', NULL, 'QST Notebook', '', 109, '73.72', 'Lorem\r'),
(545, '#7E0EDD', NULL, 'YST Envelope', '', 70, '69.87', 'Lorem ipsum dolor sit amet'),
(546, '#A165E7', NULL, 'VST Notebook', '', 135, '57.58', 'Lorem ipsum dolor sit amet'),
(547, '#9C5EE2', NULL, 'KST Pen', 'images/KST Pen.jpg', 131, '32.23', 'Lorem ipsum dolor sit amet'),
(548, '#68FA54', NULL, 'TST Notebook', '', 64, '32.05', 'Lorem\r'),
(549, '#B3430C', NULL, 'YST Envelope', '', 93, '78.19', 'Lorem ipsum dolor sit amet'),
(550, '#1E11D0', NULL, 'QST Notebook', '', 174, '81.88', 'Lorem ipsum dolor sit amet'),
(551, '#36859F', NULL, 'MST Envelope', '', 94, '78.39', 'Lorem ipsum dolor sit amet'),
(552, '#F805FF', NULL, 'MST Envelope', '', 99, '5.58', 'Lorem ipsum dolor sit amet'),
(553, '#E7B9B4', NULL, 'HST Pen', '', 50, '90.89', 'Lorem ipsum dolor sit amet'),
(554, '#5D6814', NULL, 'VST Pen', '', 188, '92.34', 'Lorem ipsum dolor sit amet'),
(555, '#C85F62', NULL, 'GST Envelope', '', 93, '89.38', 'Lorem ipsum dolor sit\r'),
(556, '#5F6522', NULL, 'LST Pen', '', 70, '77.02', 'Lorem ipsum dolor sit amet'),
(557, '#9FBEE2', NULL, 'QST Notebook', '', 141, '31.66', 'Lorem ipsum dolor sit amet'),
(558, '#7F0E32', NULL, 'HST Notebook', '', 134, '66.18', 'Lorem ipsum dolor\r'),
(559, '#5174C5', NULL, 'MST Notebook', '', 57, '47.67', 'Lorem ipsum dolor sit amet'),
(560, '#F4F35C', NULL, 'SST Notebook', '', 191, '9.27', 'Lorem ipsum dolor sit amet'),
(561, '#CB168D', NULL, 'ZST Pen', '', 184, '45.97', 'Lorem ipsum dolor sit amet'),
(562, '#290062', NULL, 'IST Notebook', '', 100, '36.82', 'Lorem ipsum dolor sit\r'),
(563, '#E2791F', NULL, 'CST Pen', '', 188, '62.93', 'Lorem ipsum dolor sit amet'),
(564, '#2477C7', NULL, 'WST Notebook', '', 75, '44.29', 'Lorem ipsum dolor sit amet'),
(565, '#507A04', NULL, 'OST Notebook', '', 145, '59.29', 'Lorem ipsum dolor\r'),
(566, '#E4732E', NULL, 'YST Notebook', '', 110, '75.21', 'Lorem ipsum dolor sit amet'),
(567, '#C66CA9', NULL, 'MST Notebook', '', 152, '8.85', 'Lorem ipsum dolor sit amet'),
(568, '#ECA0B1', NULL, 'TST Notebook', '', 134, '81.23', 'Lorem ipsum dolor sit amet'),
(569, '#63BBDD', NULL, 'AST Notebook', '', 149, '24.70', 'Lorem ipsum dolor sit\r'),
(570, '#4B9439', NULL, 'NST Notebook', '', 190, '86.58', 'Lorem ipsum dolor\r'),
(571, '#F86DF5', NULL, 'VST Notebook', '', 109, '33.80', 'Lorem ipsum dolor sit amet'),
(572, '#7E47ED', NULL, 'SST Pen', '', 69, '37.88', 'Lorem ipsum dolor\r'),
(573, '#9AFB57', NULL, 'AST Pen', '', 92, '72.35', 'Lorem ipsum\r'),
(574, '#4DE59A', NULL, 'GST Pen', '', 69, '35.58', 'Lorem ipsum dolor sit\r'),
(575, '#43A485', NULL, 'ZST Pen', '', 109, '40.17', 'Lorem ipsum dolor sit amet'),
(576, '#7C3B71', NULL, 'RST Notebook', '', 102, '18.14', 'Lorem\r'),
(577, '#2E0131', NULL, 'FST Pen', '', 177, '77.02', 'Lorem ipsum dolor\r'),
(578, '#2CEE3D', NULL, 'WST Notebook', '', 51, '81.93', 'Lorem ipsum\r'),
(579, '#51B733', NULL, 'FST Envelope', '', 187, '35.04', 'Lorem ipsum dolor sit amet'),
(580, '#7E255F', NULL, 'EST Notebook', '', 78, '37.01', 'Lorem ipsum dolor sit amet'),
(581, '#94AC02', NULL, 'FST Envelope', '', 120, '53.05', 'Lorem ipsum dolor sit amet'),
(582, '#E81FD6', NULL, 'XST Pen', '', 105, '78.53', 'Lorem ipsum dolor sit amet'),
(583, '#62D3B6', NULL, 'HST Pen', '', 88, '25.57', 'Lorem ipsum\r'),
(584, '#C97D75', NULL, 'LST Pen', '', 184, '61.43', 'Lorem ipsum\r'),
(585, '#26BDA5', NULL, 'DST Notebook', '', 124, '55.35', 'Lorem ipsum dolor\r'),
(586, '#681039', NULL, 'EST Envelope', '', 80, '43.02', 'Lorem ipsum dolor sit\r'),
(587, '#24F7D9', NULL, 'PST Notebook', '', 125, '55.09', 'Lorem ipsum dolor sit amet'),
(588, '#A25FE8', NULL, 'XST Pen', '', 186, '80.09', 'Lorem ipsum dolor sit\r'),
(589, '#DD92E5', NULL, 'EST Envelope', '', 161, '13.94', 'Lorem ipsum dolor sit amet'),
(590, '#585910', NULL, 'YST Notebook', '', 123, '54.24', 'Lorem ipsum dolor sit amet'),
(591, '#6DB904', NULL, 'LST Notebook', '', 152, '42.11', 'Lorem ipsum dolor sit amet'),
(592, '#052877', NULL, 'OST Pen', '', 166, '22.14', 'Lorem ipsum dolor\r'),
(593, '#4D9DF5', NULL, 'TST Envelope', '', 184, '15.96', 'Lorem ipsum dolor sit amet'),
(594, '#73AA38', NULL, 'YST Notebook', '', 129, '5.04', 'Lorem ipsum dolor sit amet'),
(595, '#C7FFEC', NULL, 'HST Pen', '', 135, '95.11', 'Lorem\r'),
(596, '#59D9E8', NULL, 'KST Envelope', '', 126, '9.38', 'Lorem ipsum dolor sit amet'),
(597, '#D40C2A', NULL, 'XST Notebook', '', 199, '97.05', 'Lorem ipsum dolor sit amet'),
(598, '#1C4DD2', NULL, 'OST Pen', '', 165, '87.44', 'Lorem ipsum dolor sit amet'),
(599, '#E2BA68', NULL, 'XST Notebook', '', 87, '79.08', 'Lorem ipsum\r'),
(600, '#98967C', NULL, 'XST Envelope', '', 153, '64.32', 'Lorem ipsum dolor\r'),
(601, '#0A049E', NULL, 'QST Envelope', '', 155, '82.67', 'Lorem ipsum dolor sit amet'),
(602, '#A51B23', NULL, 'XST Pen', '', 85, '71.60', 'Lorem ipsum dolor sit amet'),
(603, '#6FCEE4', NULL, 'HST Notebook', '', 113, '70.36', 'Lorem ipsum\r'),
(604, '#587EA1', NULL, 'EST Pen', '', 66, '50.23', 'Lorem ipsum dolor sit amet'),
(605, '#7343DB', NULL, 'RST Pen', '', 107, '80.50', 'Lorem ipsum dolor sit amet'),
(606, '#56C7AD', NULL, 'XST Notebook', '', 66, '41.82', 'Lorem\r'),
(607, '#979723', NULL, 'CST Pen', '', 136, '70.26', 'Lorem ipsum dolor sit amet'),
(608, '#538DB1', NULL, 'OST Pen', '', 65, '97.00', 'Lorem ipsum dolor sit\r'),
(609, '#C68D9C', NULL, 'XST Pen', '', 123, '50.40', 'Lorem ipsum\r'),
(610, '#9884AA', NULL, 'NST Pen', '', 121, '93.24', 'Lorem ipsum\r'),
(611, '#73C387', NULL, 'RST Notebook', '', 73, '88.19', 'Lorem ipsum dolor sit\r'),
(612, '#E5482C', NULL, 'YST Pen', '', 148, '95.03', 'Lorem ipsum dolor sit amet'),
(613, '#E8D548', NULL, 'HST Pen', '', 82, '20.12', 'Lorem ipsum dolor sit amet'),
(614, '#F08FE2', NULL, 'OST Pen', '', 186, '93.82', 'Lorem ipsum\r'),
(615, '#BBDED5', NULL, 'CST Envelope', '', 60, '67.63', 'Lorem ipsum dolor sit amet'),
(616, '#8E772E', NULL, 'KST Notebook', '', 59, '11.66', 'Lorem ipsum dolor\r'),
(617, '#423977', NULL, 'MST Notebook', '', 134, '65.53', 'Lorem ipsum dolor sit amet'),
(618, '#570B73', NULL, 'OST Envelope', '', 195, '95.46', 'Lorem ipsum dolor sit\r'),
(619, '#2EF2F3', NULL, 'PST Envelope', '', 83, '21.52', 'Lorem ipsum\r'),
(620, '#825F49', NULL, 'VST Pen', '', 156, '56.41', 'Lorem ipsum dolor sit amet'),
(621, '#CDBA41', NULL, 'XST Notebook', '', 75, '31.78', 'Lorem\r'),
(622, '#099666', NULL, 'OST Pen', '', 197, '19.38', 'Lorem ipsum dolor sit amet'),
(623, '#466DD3', NULL, 'IST Notebook', '', 121, '41.85', 'Lorem ipsum dolor sit\r'),
(624, '#B6D7EB', NULL, 'VST Notebook', '', 66, '35.26', 'Lorem\r'),
(1013, '#D76F41', '7', 'GYZ Sandal', 'images/GYZ Sandal1111.jpg', 89, '111.28', 'Lorem ipsum dolor\r'),
(1014, '#DEA451', '9', 'FYZ Juti', 'images/FYZ juti11.jpg', 35, '311.25', 'Lorem ipsum dolor\r'),
(1015, '#1C4BB5', '7', 'ZYZ Slipper', 'images/ZYZ Slipper11.jpg', 78, '811.73', 'Lorem ipsum dolor\r'),
(1016, '#E3A2E6', '9', 'MYZ Juti', 'images/MYZ Juti11.jpg', 48, '311.47', '"Lorem ipsum dolor sit amet'),
(1017, '#65ED59', '9', 'VYZ Slipper', 'images/VYZ Slipper11.jpg', 29, '511.63', '"Lorem ipsum dolor sit amet'),
(1018, '#5F1C1F', '11', 'FYZ Slipper', 'images/FYZ Sliiper11.jpg', 51, '911.64', '"Lorem ipsum dolor sit amet'),
(1019, '#D2B119', '10', 'TYZ Slipper', '', 74, '311.22', 'Lorem ipsum\r'),
(1020, '#35C5F3', '7', 'WYZ Juti', '', 78, '311.32', '"Lorem ipsum dolor sit amet'),
(1021, '#47E609', '9', 'EYZ Sandal', 'images/EYZ Sandal11.jpg', 44, '411.77', '"Lorem ipsum dolor sit amet'),
(1022, '#DBF1F5', '11', 'ZYZ Slipper', 'images/ZYZ Slipper11.jpg', 84, '911.45', 'Lorem\r'),
(1023, '#7C8D99', '6', 'XYZ Sandal', '', 48, '111.09', 'Lorem ipsum dolor\r'),
(1024, '#03F360', '10', 'RYZ Sandal', 'images/RYZ Sandal11.jpg', 93, '211.68', 'Lorem\r'),
(1025, '#07F85C', '8', 'EYZ Slipper', '', 23, '11.78', 'Lorem ipsum dolor sit\r'),
(1026, '#530074', '11', 'FYZ Sandal', '', 67, '911.61', '"Lorem ipsum dolor sit amet'),
(1027, '#BFAF35', '9', 'VYZ Sandal', '', 87, '311.22', '"Lorem ipsum dolor sit amet'),
(1028, '#F40D5A', '11', 'QYZ Slipper', '', 28, '811.88', 'Lorem ipsum dolor sit\r'),
(1029, '#AE41EB', '11', 'DYZ Juti', '', 85, '411.81', '"Lorem ipsum dolor sit amet'),
(1030, '#680A66', '11', 'KYZ Sandal', '', 42, '711.44', 'Lorem ipsum dolor sit\r'),
(1031, '#570029', '8', 'NYZ Sandal', '', 74, '511.73', '"Lorem ipsum dolor sit amet'),
(1032, '#14386C', '6', 'XYZ Juti', '', 64, '911.33', '"Lorem ipsum dolor sit amet'),
(1033, '#EEF40A', '8', 'YYZ Sandal', '', 35, '111.59', 'Lorem ipsum dolor sit\r'),
(1034, '#017D39', '6', 'FYZ Sandal', '', 71, '311.65', 'Lorem ipsum\r'),
(1035, '#7ADC28', '6', 'MYZ Sandal', '', 51, '111.15', 'Lorem\r'),
(1036, '#BE6A6D', '9', 'XYZ Sandal', '', 39, '311.97', '"Lorem ipsum dolor sit amet'),
(1037, '#9F48F2', '6', 'XYZ Slipper', '', 91, '411.41', '"Lorem ipsum dolor sit amet'),
(1038, '#3FB00E', '9', 'HYZ Slipper', '', 25, '111.32', 'Lorem ipsum dolor\r'),
(1039, '#357101', '6', 'RYZ Slipper', '', 52, '211.09', 'Lorem\r'),
(1040, '#3BBF7C', '8', 'KYZ Sandal', '', 93, '311.90', 'Lorem\r'),
(1041, '#135B6E', '10', 'RYZ Juti', '', 82, '211.02', '"Lorem ipsum dolor sit amet'),
(1042, '#5B882F', '10', 'MYZ Sandal', '', 79, '111.73', '"Lorem ipsum dolor sit amet'),
(1043, '#4730A6', '10', 'UYZ Juti', '', 31, '811.85', 'Lorem ipsum dolor\r'),
(1044, '#8F2473', '7', 'IYZ Slipper', '', 91, '611.09', '"Lorem ipsum dolor sit amet'),
(1045, '#010BD9', '10', 'OYZ Sandal', '', 53, '211.89', '"Lorem ipsum dolor sit amet'),
(1046, '#CA4794', '10', 'CYZ Juti', '', 88, '411.42', 'Lorem\r'),
(1047, '#7F70F7', '11', 'RYZ Slipper', '', 88, '211.35', 'Lorem ipsum\r'),
(1048, '#A73A17', '10', 'GYZ Sandal', '', 84, '511.52', 'Lorem ipsum dolor\r'),
(1049, '#E3C964', '6', 'NYZ Sandal', '', 40, '111.34', '"Lorem ipsum dolor sit amet'),
(1050, '#33BC5F', '7', 'JYZ Sandal', '', 25, '911.33', '"Lorem ipsum dolor sit amet'),
(1051, '#DD8790', '7', 'SYZ Juti', '', 73, '511.83', '"Lorem ipsum dolor sit amet'),
(1052, '#C8D246', '9', 'DYZ Juti', '', 37, '711.41', 'Lorem ipsum dolor\r'),
(1053, '#9A3D77', '9', 'ZYZ Sandal', '', 92, '411.36', '"Lorem ipsum dolor sit amet'),
(1054, '#B5F52B', '9', 'BYZ Slipper', '', 43, '611.72', '"Lorem ipsum dolor sit amet'),
(1055, '#23495A', '7', 'AYZ Slipper', '', 25, '211.92', '"Lorem ipsum dolor sit amet'),
(1056, '#2714EE', '7', 'ZYZ Slipper', '', 63, '511.55', '"Lorem ipsum dolor sit amet'),
(1057, '#A234A9', '9', 'MYZ Slipper', '', 86, '311.20', 'Lorem ipsum\r'),
(1058, '#F457E0', '8', 'AYZ Sandal', '', 81, '311.88', '"Lorem ipsum dolor sit amet'),
(1059, '#C903B8', '7', 'PYZ Slipper', '', 59, '111.41', '"Lorem ipsum dolor sit amet'),
(1060, '#429750', '9', 'SYZ Slipper', '', 69, '911.08', 'Lorem ipsum dolor sit\r'),
(1061, '#749455', '8', 'RYZ Slipper', '', 88, '911.39', '"Lorem ipsum dolor sit amet'),
(1062, '#7DDE6F', '6', 'JYZ Sandal', '', 67, '611.68', '"Lorem ipsum dolor sit amet'),
(1063, '#B0CA66', '11', 'WYZ Slipper', '', 35, '511.86', 'Lorem\r'),
(1064, '#9FAE3B', '10', 'MYZ Slipper', '', 30, '411.09', 'Lorem ipsum\r'),
(1065, '#634DAD', '11', 'JYZ Sandal', '', 50, '811.72', '"Lorem ipsum dolor sit amet'),
(1066, '#810633', '9', 'XYZ Juti', '', 36, '511.36', '"Lorem ipsum dolor sit amet'),
(1067, '#32ACEE', '7', 'FYZ Juti', '', 54, '711.20', 'Lorem ipsum dolor sit\r'),
(1068, '#B277BB', '10', 'MYZ Juti', '', 60, '711.94', 'Lorem ipsum dolor\r'),
(1069, '#809900', '9', 'KYZ Juti', '', 57, '211.78', 'Lorem ipsum dolor sit\r'),
(1070, '#BDFD23', '11', 'FYZ Juti', '', 26, '411.92', '"Lorem ipsum dolor sit amet'),
(1071, '#E435F5', '6', 'UYZ Slipper', '', 81, '711.33', 'Lorem ipsum dolor sit\r'),
(1072, '#9639C6', '8', 'UYZ Juti', '', 64, '411.40', '"Lorem ipsum dolor sit amet'),
(1073, '#18F5FC', '10', 'OYZ Juti', '', 26, '711.17', '"Lorem ipsum dolor sit amet'),
(1074, '#ACC0CC', '11', 'HYZ Slipper', '', 92, '811.95', 'Lorem ipsum dolor\r'),
(1075, '#F3CB77', '8', 'VYZ Juti', '', 80, '211.87', '"Lorem ipsum dolor sit amet'),
(1076, '#96F703', '11', 'CYZ Slipper', '', 50, '311.31', '"Lorem ipsum dolor sit amet'),
(1077, '#C5D7EB', '6', 'QYZ Sandal', '', 84, '711.18', 'Lorem ipsum\r'),
(1078, '#B403CA', '11', 'JYZ Juti', '', 22, '511.41', '"Lorem ipsum dolor sit amet'),
(1079, '#CD0AF3', '7', 'LYZ Sandal', '', 25, '511.42', '"Lorem ipsum dolor sit amet'),
(1080, '#4C5D6A', '10', 'GYZ Juti', '', 100, '511.46', '"Lorem ipsum dolor sit amet'),
(1081, '#0B1F6B', '8', 'JYZ Sandal', '', 43, '911.58', '"Lorem ipsum dolor sit amet'),
(1082, '#27F95E', '8', 'FYZ Slipper', '', 81, '611.73', 'Lorem\r'),
(1083, '#16D420', '9', 'ZYZ Slipper', '', 52, '7.00', 'Lorem\r'),
(1084, '#2E427D', '10', 'WYZ Sandal', '', 23, '811.79', '"Lorem ipsum dolor sit amet'),
(1085, '#670246', '6', 'IYZ Slipper', '', 72, '211.63', '"Lorem ipsum dolor sit amet'),
(1086, '#32EAA7', '10', 'XYZ Sandal', '', 37, '911.90', '"Lorem ipsum dolor sit amet'),
(1087, '#7EF844', '11', 'PYZ Sandal', '', 61, '711.22', 'Lorem ipsum dolor\r'),
(1088, '#E5879B', '10', 'LYZ Sandal', '', 72, '111.77', 'Lorem ipsum\r'),
(1089, '#2F2069', '6', 'NYZ Sandal', '', 55, '611.75', '"Lorem ipsum dolor sit amet'),
(1090, '#DE299F', '6', 'OYZ Slipper', '', 42, '211.67', 'Lorem ipsum dolor sit\r'),
(1091, '#E6F663', '9', 'KYZ Sandal', '', 65, '511.43', '"Lorem ipsum dolor sit amet'),
(1092, '#F5437E', '11', 'ZYZ Juti', '', 25, '611.24', 'Lorem\r'),
(1093, '#62AE98', '10', 'MYZ Sandal', '', 55, '311.23', 'Lorem ipsum dolor\r'),
(1094, '#EE11DE', '8', 'UYZ Sandal', '', 37, '511.59', 'Lorem ipsum dolor\r'),
(1095, '#DBCB2E', '8', 'JYZ Juti', '', 45, '411.37', '"Lorem ipsum dolor sit amet'),
(1096, '#ADDC77', '8', 'HYZ Juti', '', 46, '11.94', '"Lorem ipsum dolor sit amet'),
(1097, '#AAD680', '8', 'YYZ Juti', '', 94, '211.60', '"Lorem ipsum dolor sit amet'),
(1098, '#1D7152', '10', 'JYZ Juti', '', 67, '311.60', 'Lorem ipsum\r'),
(1099, '#635853', '9', 'VYZ Slipper', '', 67, '611.12', '"Lorem ipsum dolor sit amet'),
(1100, '#0E377E', '7', 'NYZ Slipper', '', 99, '811.55', 'Lorem ipsum dolor sit\r'),
(1101, '#7B43F4', '7', 'WYZ Slipper', '', 73, '811.19', '"Lorem ipsum dolor sit amet'),
(1102, '#2999B5', '9', 'HYZ Juti', '', 21, '311.09', 'Lorem ipsum dolor sit\r'),
(1103, '#67807D', '11', 'JYZ Sandal', '', 34, '411.45', 'Lorem ipsum dolor sit\r'),
(1104, '#B1C04E', '8', 'RYZ Sandal', '', 39, '211.49', '"Lorem ipsum dolor sit amet'),
(1105, '#A00CF5', '11', 'QYZ Juti', '', 92, '111.98', 'Lorem ipsum dolor sit\r'),
(1106, '#DDE428', '10', 'NYZ Juti', '', 90, '311.32', '"Lorem ipsum dolor sit amet'),
(1107, '#03E5ED', '9', 'EYZ Juti', '', 70, '111.05', '"Lorem ipsum dolor sit amet'),
(1108, '#399E7A', '9', 'WYZ Juti', '', 97, '211.41', '"Lorem ipsum dolor sit amet'),
(1109, '#AA2DA1', '10', 'TYZ Sandal', '', 88, '111.12', 'Lorem ipsum dolor sit\r'),
(1110, '#C971DA', '8', 'SYZ Slipper', '', 47, '811.05', '"Lorem ipsum dolor sit amet'),
(1111, '#DA24E9', '7', 'LYZ Juti', '', 27, '711.74', 'Lorem\r'),
(1112, '#7CEC5F', '6', 'ZYZ Juti', '', 64, '711.41', 'Lorem ipsum dolor sit\r');

-- --------------------------------------------------------

--
-- Table structure for table `product_to_category`
--

CREATE TABLE IF NOT EXISTS `product_to_category` (
  `P_id` int(11) NOT NULL,
  `Category_id` int(11) NOT NULL,
  PRIMARY KEY (`P_id`,`Category_id`),
  KEY `Category_id` (`Category_id`)
) ENGINE=InnoDB DEFAULT CHARSET=latin1;

--
-- Dumping data for table `product_to_category`
--

INSERT INTO `product_to_category` (`P_id`, `Category_id`) VALUES
(17, 1),
(18, 1),
(19, 1),
(20, 1),
(21, 1),
(22, 1),
(23, 1),
(24, 1),
(25, 1),
(26, 1),
(27, 1),
(28, 1),
(29, 1),
(30, 1),
(31, 1),
(32, 1),
(33, 1),
(34, 1),
(35, 1),
(36, 1),
(37, 1),
(38, 1),
(39, 1),
(40, 1),
(41, 1),
(42, 1),
(43, 1),
(44, 1),
(45, 1),
(46, 1),
(47, 1),
(48, 1),
(49, 1),
(50, 1),
(51, 1),
(52, 1),
(53, 1),
(54, 1),
(55, 1),
(56, 1),
(57, 1),
(58, 1),
(59, 1),
(60, 1),
(61, 1),
(62, 1),
(63, 1),
(64, 1),
(65, 1),
(66, 1),
(67, 1),
(68, 1),
(69, 1),
(70, 1),
(71, 1),
(72, 1),
(73, 1),
(74, 1),
(75, 1),
(76, 1),
(77, 1),
(78, 1),
(79, 1),
(80, 1),
(81, 1),
(82, 1),
(83, 1),
(84, 1),
(85, 1),
(86, 1),
(87, 1),
(88, 1),
(89, 1),
(90, 1),
(91, 1),
(92, 1),
(93, 1),
(94, 1),
(95, 1),
(96, 1),
(97, 1),
(98, 1),
(99, 1),
(100, 1),
(101, 1),
(102, 1),
(103, 1),
(104, 1),
(105, 1),
(106, 1),
(107, 1),
(108, 1),
(109, 1),
(110, 1),
(111, 1),
(112, 1),
(113, 1),
(114, 1),
(115, 1),
(116, 1),
(144, 2),
(145, 2),
(146, 2),
(147, 2),
(148, 2),
(149, 2),
(150, 2),
(151, 2),
(152, 2),
(153, 2),
(154, 2),
(155, 2),
(156, 2),
(157, 2),
(158, 2),
(159, 2),
(160, 2),
(161, 2),
(162, 2),
(163, 2),
(164, 2),
(165, 2),
(166, 2),
(167, 2),
(168, 2),
(169, 2),
(170, 2),
(171, 2),
(172, 2),
(173, 2),
(174, 2),
(175, 2),
(176, 2),
(177, 2),
(178, 2),
(179, 2),
(180, 2),
(181, 2),
(182, 2),
(183, 2),
(184, 2),
(185, 2),
(186, 2),
(187, 2),
(188, 2),
(189, 2),
(190, 2),
(191, 2),
(192, 2),
(193, 2),
(194, 2),
(195, 2),
(196, 2),
(197, 2),
(198, 2),
(199, 2),
(200, 2),
(201, 2),
(202, 2),
(203, 2),
(204, 2),
(205, 2),
(206, 2),
(207, 2),
(208, 2),
(209, 2),
(210, 2),
(211, 2),
(212, 2),
(213, 2),
(214, 2),
(215, 2),
(216, 2),
(217, 2),
(218, 2),
(219, 2),
(220, 2),
(221, 2),
(222, 2),
(223, 2),
(224, 2),
(225, 2),
(226, 2),
(227, 2),
(228, 2),
(229, 2),
(230, 2),
(231, 2),
(232, 2),
(233, 2),
(234, 2),
(235, 2),
(236, 2),
(237, 2),
(238, 2),
(239, 2),
(240, 2),
(241, 2),
(242, 2),
(243, 2),
(397, 3),
(398, 3),
(399, 3),
(400, 3),
(401, 3),
(402, 3),
(403, 3),
(404, 3),
(405, 3),
(406, 3),
(407, 3),
(408, 3),
(409, 3),
(410, 3),
(411, 3),
(412, 3),
(413, 3),
(414, 3),
(415, 3),
(416, 3),
(417, 3),
(418, 3),
(419, 3),
(420, 3),
(421, 3),
(422, 3),
(423, 3),
(424, 3),
(425, 3),
(426, 3),
(427, 3),
(428, 3),
(429, 3),
(430, 3),
(431, 3),
(432, 3),
(433, 3),
(434, 3),
(435, 3),
(436, 3),
(437, 3),
(438, 3),
(439, 3),
(440, 3),
(441, 3),
(442, 3),
(443, 3),
(444, 3),
(445, 3),
(446, 3),
(447, 3),
(448, 3),
(449, 3),
(450, 3),
(451, 3),
(452, 3),
(453, 3),
(454, 3),
(455, 3),
(456, 3),
(457, 3),
(458, 3),
(459, 3),
(460, 3),
(461, 3),
(462, 3),
(463, 3),
(464, 3),
(465, 3),
(466, 3),
(467, 3),
(468, 3),
(469, 3),
(470, 3),
(471, 3),
(472, 3),
(473, 3),
(474, 3),
(475, 3),
(476, 3),
(477, 3),
(478, 3),
(479, 3),
(480, 3),
(481, 3),
(482, 3),
(483, 3),
(484, 3),
(485, 3),
(486, 3),
(487, 3),
(488, 3),
(489, 3),
(490, 3),
(491, 3),
(492, 3),
(493, 3),
(494, 3),
(495, 3),
(496, 3),
(525, 4),
(526, 4),
(527, 4),
(528, 4),
(529, 4),
(530, 4),
(531, 4),
(532, 4),
(533, 4),
(534, 4),
(535, 4),
(536, 4),
(537, 4),
(538, 4),
(539, 4),
(540, 4),
(541, 4),
(542, 4),
(543, 4),
(544, 4),
(545, 4),
(546, 4),
(547, 4),
(548, 4),
(549, 4),
(550, 4),
(551, 4),
(552, 4),
(553, 4),
(554, 4),
(555, 4),
(556, 4),
(557, 4),
(558, 4),
(559, 4),
(560, 4),
(561, 4),
(562, 4),
(563, 4),
(564, 4),
(565, 4),
(566, 4),
(567, 4),
(568, 4),
(569, 4),
(570, 4),
(571, 4),
(572, 4),
(573, 4),
(574, 4),
(575, 4),
(576, 4),
(577, 4),
(578, 4),
(579, 4),
(580, 4),
(581, 4),
(582, 4),
(583, 4),
(584, 4),
(585, 4),
(586, 4),
(587, 4),
(588, 4),
(589, 4),
(590, 4),
(591, 4),
(592, 4),
(593, 4),
(594, 4),
(595, 4),
(596, 4),
(597, 4),
(598, 4),
(599, 4),
(600, 4),
(601, 4),
(602, 4),
(603, 4),
(604, 4),
(605, 4),
(606, 4),
(607, 4),
(608, 4),
(609, 4),
(610, 4),
(611, 4),
(612, 4),
(613, 4),
(614, 4),
(615, 4),
(616, 4),
(617, 4),
(618, 4),
(619, 4),
(620, 4),
(621, 4),
(622, 4),
(623, 4),
(624, 4),
(1013, 5),
(1014, 5),
(1015, 5),
(1016, 5),
(1017, 5),
(1018, 5),
(1019, 5),
(1020, 5),
(1021, 5),
(1022, 5),
(1023, 5),
(1024, 5),
(1025, 5),
(1026, 5),
(1027, 5),
(1028, 5),
(1029, 5),
(1030, 5),
(1031, 5),
(1032, 5),
(1033, 5),
(1034, 5),
(1035, 5),
(1036, 5),
(1037, 5),
(1038, 5),
(1039, 5),
(1040, 5),
(1041, 5),
(1042, 5),
(1043, 5),
(1044, 5),
(1045, 5),
(1046, 5),
(1047, 5),
(1048, 5),
(1049, 5),
(1050, 5),
(1051, 5),
(1052, 5),
(1053, 5),
(1054, 5),
(1055, 5),
(1056, 5),
(1057, 5),
(1058, 5),
(1059, 5),
(1060, 5),
(1061, 5),
(1062, 5),
(1063, 5),
(1064, 5),
(1065, 5),
(1066, 5),
(1067, 5),
(1068, 5),
(1069, 5),
(1070, 5),
(1071, 5),
(1072, 5),
(1073, 5),
(1074, 5),
(1075, 5),
(1076, 5),
(1077, 5),
(1078, 5),
(1079, 5),
(1080, 5),
(1081, 5),
(1082, 5),
(1083, 5),
(1084, 5),
(1085, 5),
(1086, 5),
(1087, 5),
(1088, 5),
(1089, 5),
(1090, 5),
(1091, 5),
(1092, 5),
(1093, 5),
(1094, 5),
(1095, 5),
(1096, 5),
(1097, 5),
(1098, 5),
(1099, 5),
(1100, 5),
(1101, 5),
(1102, 5),
(1103, 5),
(1104, 5),
(1105, 5),
(1106, 5),
(1107, 5),
(1108, 5),
(1109, 5),
(1110, 5),
(1111, 5),
(1112, 5);

--
-- Constraints for dumped tables
--

--
-- Constraints for table `cart`
--
ALTER TABLE `cart`
  ADD CONSTRAINT `cart_ibfk_1` FOREIGN KEY (`Cust_id`) REFERENCES `customer` (`Cust_id`) ON DELETE CASCADE ON UPDATE CASCADE,
  ADD CONSTRAINT `cart_ibfk_2` FOREIGN KEY (`P_id`) REFERENCES `products` (`P_id`) ON DELETE CASCADE ON UPDATE CASCADE;

--
-- Constraints for table `customer_address`
--
ALTER TABLE `customer_address`
  ADD CONSTRAINT `customer_address_ibfk_1` FOREIGN KEY (`Cust_id`) REFERENCES `customer` (`Cust_id`) ON DELETE CASCADE ON UPDATE CASCADE;

--
-- Constraints for table `product_to_category`
--
ALTER TABLE `product_to_category`
  ADD CONSTRAINT `product_to_category_ibfk_1` FOREIGN KEY (`P_id`) REFERENCES `products` (`P_id`) ON DELETE CASCADE ON UPDATE CASCADE,
  ADD CONSTRAINT `product_to_category_ibfk_2` FOREIGN KEY (`Category_id`) REFERENCES `category` (`Category_id`) ON DELETE CASCADE ON UPDATE CASCADE;

/*!40101 SET CHARACTER_SET_CLIENT=@OLD_CHARACTER_SET_CLIENT */;
/*!40101 SET CHARACTER_SET_RESULTS=@OLD_CHARACTER_SET_RESULTS */;
/*!40101 SET COLLATION_CONNECTION=@OLD_COLLATION_CONNECTION */;
